Name,road_id,vert_index,x_cm,y_cm
roads_verts_0,0,0,-30015.25,-49049.43
roads_verts_1,0,1,-29546.84,-48399.72
roads_verts_2,0,2,-29058.44,-48001.69
roads_verts_3,0,3,-27913.15,-47442.92
roads_verts_4,1,0,-30015.25,-49049.43
roads_verts_5,1,1,-30247.5,-47677.91
roads_verts_6,1,2,-30581.64,-46806.42
roads_verts_7,1,3,-31022.39,-45991.48
roads_verts_8,1,4,-31515.53,-45559.05
roads_verts_9,1,5,-32595.09,-44956.97
roads_verts_10,2,0,-601.65,466.78
roads_verts_11,2,1,-584.51,2327.26
roads_verts_12,3,0,4994.99,4164.47
roads_verts_13,3,1,663.52,2743.04
roads_verts_14,3,2,-584.51,2327.26
roads_verts_15,4,0,-776.79,29982.76
roads_verts_16,4,1,-705.4,17032.58
roads_verts_17,4,2,-711.11,15652.19
roads_verts_18,4,3,-717.78,14044.51
roads_verts_19,4,4,-658.76,8269.04
roads_verts_20,4,5,-584.51,2327.26
roads_verts_21,5,0,-8341.2,-442.36
roads_verts_22,5,1,-584.51,2327.26
roads_verts_23,6,0,36377.29,14668.25
roads_verts_24,6,1,34442.91,14489.68
roads_verts_25,6,2,32949.29,14056.11
roads_verts_26,6,3,31524.22,13613.68
roads_verts_27,7,0,4994.99,4164.47
roads_verts_28,7,1,12460.31,6613.75
roads_verts_29,7,2,31524.22,13613.68
roads_verts_30,8,0,31160.08,30115.16
roads_verts_31,8,1,31240.26,23034.7
roads_verts_32,8,2,31236.48,22111.11
roads_verts_33,8,3,31232.7,20925.86
roads_verts_34,8,4,31524.22,13613.68
roads_verts_35,9,0,-39031.3,41756.17
roads_verts_36,9,1,-39009.51,38794.7
roads_verts_37,10,0,-36408.82,38783.52
roads_verts_38,10,1,-39009.51,38794.7
roads_verts_39,11,0,-39009.51,38794.7
roads_verts_40,11,1,-41378.88,39101.91
roads_verts_41,11,2,-41662.56,39104.14
roads_verts_42,12,0,-41654.02,38440.0
roads_verts_43,12,1,-41370.34,38437.77
roads_verts_44,12,2,-39009.51,38794.7
roads_verts_45,13,0,-860.55,38872.7
roads_verts_46,13,1,31142.68,38988.47
roads_verts_47,14,0,31160.08,30115.16
roads_verts_48,14,1,31142.68,38988.47
roads_verts_49,15,0,-14144.86,38810.7
roads_verts_50,15,1,-860.55,38872.7
roads_verts_51,16,0,-181.82,48181.75
roads_verts_52,16,1,-219.9,43623.68
roads_verts_53,16,2,-860.55,38872.7
roads_verts_54,17,0,-776.79,29982.76
roads_verts_55,17,1,-798.68,34810.24
roads_verts_56,17,2,-860.55,38872.7
roads_verts_57,18,0,-20621.86,38794.18
roads_verts_58,18,1,-20753.04,48069.97
roads_verts_59,19,0,-181.82,48181.75
roads_verts_60,19,1,-20753.04,48069.97
roads_verts_61,20,0,-37912.55,47941.83
roads_verts_62,20,1,-20753.04,48069.97
roads_verts_63,21,0,-25669.99,38782.09
roads_verts_64,21,1,-20621.86,38794.18
roads_verts_65,22,0,-18497.13,38810.77
roads_verts_66,22,1,-20621.86,38794.18
roads_verts_67,23,0,-37912.55,47941.83
roads_verts_68,23,1,-39077.71,47933.01
roads_verts_69,24,0,-39031.3,41756.17
roads_verts_70,24,1,-39077.71,47933.01
roads_verts_71,25,0,-39071.01,49065.04
roads_verts_72,25,1,-39077.71,47933.01
roads_verts_73,26,0,-776.79,29982.76
roads_verts_74,26,1,-6.66,30149.07
roads_verts_75,26,2,31160.08,30115.16
roads_verts_76,27,0,-21066.56,31262.46
roads_verts_77,27,1,-20412.61,29694.68
roads_verts_78,28,0,-17411.12,29709.04
roads_verts_79,28,1,-20412.61,29694.68
roads_verts_80,29,0,-25396.1,27795.5
roads_verts_81,29,1,-22255.58,29421.96
roads_verts_82,29,2,-21133.23,29691.37
roads_verts_83,29,3,-20412.61,29694.68
roads_verts_84,30,0,-25949.99,-43357.24
roads_verts_85,30,1,-29439.87,-36154.72
roads_verts_86,31,0,-25949.99,-43357.24
roads_verts_87,31,1,-30393.08,-44879.43
roads_verts_88,31,2,-30726.29,-44993.62
roads_verts_89,31,3,-31012.85,-45049.05
roads_verts_90,31,4,-31472.67,-45136.62
roads_verts_91,31,5,-32595.09,-44956.97
roads_verts_92,32,0,-11728.75,-38066.55
roads_verts_93,32,1,-20202.64,-41219.7
roads_verts_94,32,2,-25949.99,-43357.24
roads_verts_95,33,0,-41953.04,-12073.42
roads_verts_96,33,1,-29439.87,-36154.72
roads_verts_97,34,0,-41953.04,-12073.42
roads_verts_98,34,1,-22621.88,-5383.83
roads_verts_99,35,0,-39428.72,-46511.2
roads_verts_100,35,1,-40177.99,-47369.34
roads_verts_101,35,2,-40919.65,-48500.24
roads_verts_102,36,0,2484.73,-32951.96
roads_verts_103,36,1,-9660.98,-37343.67
roads_verts_104,37,0,2484.73,-32951.96
roads_verts_105,37,1,3039.76,-36011.0
roads_verts_106,38,0,1545.09,-25574.36
roads_verts_107,38,1,1994.44,-30012.68
roads_verts_108,38,2,2297.18,-31974.05
roads_verts_109,38,3,2484.73,-32951.96
roads_verts_110,39,0,3522.41,-32549.49
roads_verts_111,39,1,2484.73,-32951.96
roads_verts_112,40,0,-27913.15,-47442.92
roads_verts_113,40,1,-24349.71,-45855.28
roads_verts_114,40,2,-18395.76,-43528.14
roads_verts_115,40,3,-6755.46,-39327.24
roads_verts_116,40,4,862.52,-36728.36
roads_verts_117,40,5,3039.76,-36011.0
roads_verts_118,41,0,-27913.15,-47442.92
roads_verts_119,41,1,-24134.57,-46370.85
roads_verts_120,41,2,-20815.81,-45131.35
roads_verts_121,41,3,-13806.09,-42604.63
roads_verts_122,41,4,-654.03,-37926.91
roads_verts_123,41,5,987.23,-37329.3
roads_verts_124,41,6,3173.04,-36619.7
roads_verts_125,42,0,-601.65,466.78
roads_verts_126,42,1,-826.31,-1179.71
roads_verts_127,43,0,3522.41,-32549.49
roads_verts_128,43,1,1731.68,-20597.2
roads_verts_129,43,2,1183.32,-16644.51
roads_verts_130,43,3,773.01,-12774.99
roads_verts_131,43,4,464.57,-8752.45
roads_verts_132,43,5,219.91,-5187.83
roads_verts_133,43,6,-19.99,-1138.68
roads_verts_134,43,7,-601.65,466.78
roads_verts_135,44,0,-35091.26,-44316.04
roads_verts_136,44,1,-36155.62,-44573.23
roads_verts_137,44,2,-37179.05,-45024.45
roads_verts_138,44,3,-38516.66,-45810.51
roads_verts_139,44,4,-39428.72,-46511.2
roads_verts_140,45,0,-32595.09,-44956.97
roads_verts_141,45,1,-33334.8,-44591.06
roads_verts_142,45,2,-34148.76,-44372.61
roads_verts_143,45,3,-35091.26,-44316.04
roads_verts_144,46,0,-13703.12,-30639.03
roads_verts_145,46,1,-16477.12,-22409.87
roads_verts_146,47,0,-11504.06,-36448.89
roads_verts_147,47,1,-13703.12,-30639.03
roads_verts_148,48,0,1545.09,-25574.36
roads_verts_149,48,1,-13703.12,-30639.03
roads_verts_150,49,0,-19845.48,-32792.12
roads_verts_151,49,1,-19583.67,-32700.1
roads_verts_152,49,2,-13703.12,-30639.03
roads_verts_153,50,0,-22621.88,-5383.83
roads_verts_154,50,1,-8341.2,-442.36
roads_verts_155,51,0,-28469.6,5449.88
roads_verts_156,51,1,-28203.06,5036.31
roads_verts_157,51,2,-26827.53,2397.45
roads_verts_158,51,3,-26458.18,1642.39
roads_verts_159,51,4,-22621.88,-5383.83
roads_verts_160,52,0,-19359.62,-14721.77
roads_verts_161,52,1,-22621.88,-5383.83
roads_verts_162,53,0,-29439.87,-36154.72
roads_verts_163,53,1,-22770.06,-33816.54
roads_verts_164,53,2,-19845.48,-32792.12
roads_verts_165,54,0,336.05,-16721.02
roads_verts_166,54,1,603.56,-18988.41
roads_verts_167,54,2,1545.09,-25574.36
roads_verts_168,55,0,-16477.12,-22409.87
roads_verts_169,55,1,-19359.62,-14721.77
roads_verts_170,56,0,336.05,-16721.02
roads_verts_171,56,1,-2191.48,-17570.32
roads_verts_172,56,2,-16477.12,-22409.87
roads_verts_173,57,0,41991.44,-20124.03
roads_verts_174,57,1,35683.59,-21769.65
roads_verts_175,57,2,30350.57,-23378.61
roads_verts_176,57,3,25628.7,-24732.51
roads_verts_177,57,4,23398.19,-25288.05
roads_verts_178,58,0,41991.44,-20124.03
roads_verts_179,58,1,20032.93,-27773.93
roads_verts_180,58,2,-6717.37,-37578.75
roads_verts_181,58,3,-25465.44,-44352.9
roads_verts_182,59,0,23398.19,-25288.05
roads_verts_183,59,1,15383.37,-28127.7
roads_verts_184,59,2,5576.83,-31783.33
roads_verts_185,59,3,3522.41,-32549.49
roads_verts_186,60,0,26880.68,-28553.22
roads_verts_187,60,1,30118.41,-27656.16
roads_verts_188,60,2,33100.03,-26583.91
roads_verts_189,60,3,44235.39,-22514.4
roads_verts_190,60,4,47296.95,-21372.26
roads_verts_191,61,0,5767.26,-35522.03
roads_verts_192,61,1,7510.38,-34945.47
roads_verts_193,61,2,17168.42,-31642.4
roads_verts_194,61,3,26880.68,-28553.22
roads_verts_195,62,0,-18497.13,38810.77
roads_verts_196,62,1,-15805.05,38806.29
roads_verts_197,62,2,-14144.86,38810.7
roads_verts_198,63,0,-14159.16,37657.6
roads_verts_199,63,1,-14144.86,38810.7
roads_verts_200,64,0,-12964.51,34890.15
roads_verts_201,64,1,-12962.67,29730.04
roads_verts_202,65,0,-11539.51,29747.76
roads_verts_203,65,1,-12962.67,29730.04
roads_verts_204,66,0,-15598.61,29717.88
roads_verts_205,66,1,-14525.77,29722.3
roads_verts_206,66,2,-12962.67,29730.04
roads_verts_207,67,0,-43652.7,47739.15
roads_verts_208,67,1,-40608.42,47777.84
roads_verts_209,68,0,-40285.75,47042.73
roads_verts_210,68,1,-40467.57,47056.04
roads_verts_211,68,2,-40607.5,47021.67
roads_verts_212,68,3,-40608.42,47777.84
roads_verts_213,69,0,-25862.56,27558.24
roads_verts_214,69,1,-25396.1,27795.5
roads_verts_215,70,0,-31303.74,32930.27
roads_verts_216,70,1,-30400.4,31251.6
roads_verts_217,70,2,-29813.07,30463.27
roads_verts_218,70,3,-29480.85,30107.35
roads_verts_219,70,4,-28919.21,29802.43
roads_verts_220,70,5,-26442.26,29040.65
roads_verts_221,70,6,-26009.13,28863.24
roads_verts_222,70,7,-25778.76,28532.83
roads_verts_223,70,8,-25396.1,27795.5
roads_verts_224,71,0,-25169.64,23471.38
roads_verts_225,71,1,-25344.79,23908.23
roads_verts_226,71,2,-25319.07,24594.55
roads_verts_227,71,3,-24987.75,26093.57
roads_verts_228,71,4,-24969.65,26818.69
roads_verts_229,71,5,-25148.6,27428.5
roads_verts_230,71,6,-25396.1,27795.5
roads_verts_231,72,0,-16082.27,24875.99
roads_verts_232,72,1,-16388.8,24890.4
roads_verts_233,73,0,-9960.34,17701.2
roads_verts_234,73,1,-10740.0,16844.15
roads_verts_235,74,0,-11513.9,20822.34
roads_verts_236,74,1,-11513.92,19170.31
roads_verts_237,74,2,-11429.2,18317.68
roads_verts_238,74,3,-11148.39,17479.47
roads_verts_239,74,4,-10740.0,16844.15
roads_verts_240,75,0,-9182.61,15624.51
roads_verts_241,75,1,-10050.79,16208.83
roads_verts_242,75,2,-10740.0,16844.15
roads_verts_243,76,0,-11518.62,24912.51
roads_verts_244,76,1,-11539.51,29747.76
roads_verts_245,77,0,-9674.64,29769.92
roads_verts_246,77,1,-11539.51,29747.76
roads_verts_247,78,0,-15624.38,24879.31
roads_verts_248,78,1,-16082.27,24875.99
roads_verts_249,79,0,-16058.54,20810.21
roads_verts_250,79,1,-16082.27,24875.99
roads_verts_251,80,0,-21399.19,11664.24
roads_verts_252,80,1,-22357.81,12016.84
roads_verts_253,81,0,-25169.64,23471.38
roads_verts_254,81,1,-25089.68,23272.91
roads_verts_255,81,2,-24068.28,21417.95
roads_verts_256,81,3,-22867.91,19029.68
roads_verts_257,81,4,-22263.46,17189.15
roads_verts_258,81,5,-22058.82,15740.01
roads_verts_259,81,6,-22084.56,13758.68
roads_verts_260,81,7,-22357.81,12016.84
roads_verts_261,82,0,-28469.6,5449.88
roads_verts_262,82,1,-25933.5,7291.44
roads_verts_263,82,2,-24133.3,8808.17
roads_verts_264,82,3,-23207.96,9845.93
roads_verts_265,82,4,-22646.28,10938.04
roads_verts_266,82,5,-22357.81,12016.84
roads_verts_267,83,0,-11518.62,24912.51
roads_verts_268,83,1,-15624.38,24879.31
roads_verts_269,84,0,-15598.61,29717.88
roads_verts_270,84,1,-15668.12,28430.63
roads_verts_271,84,2,-15624.38,24879.31
roads_verts_272,85,0,-17411.12,29709.04
roads_verts_273,85,1,-15598.61,29717.88
roads_verts_274,86,0,-17378.78,28227.75
roads_verts_275,86,1,-17411.12,29709.04
roads_verts_276,87,0,-8492.43,16780.93
roads_verts_277,87,1,-9182.61,15624.51
roads_verts_278,88,0,-16683.14,13188.68
roads_verts_279,88,1,-14621.18,13643.24
roads_verts_280,88,2,-14416.51,13693.13
roads_verts_281,88,3,-10254.52,14709.8
roads_verts_282,88,4,-9667.16,14912.7
roads_verts_283,88,5,-9343.49,15257.52
roads_verts_284,88,6,-9182.61,15624.51
roads_verts_285,89,0,-6287.7,15616.73
roads_verts_286,89,1,-6552.34,15522.49
roads_verts_287,89,2,-7394.83,15447.1
roads_verts_288,89,3,-8314.42,15498.11
roads_verts_289,89,4,-9182.61,15624.51
roads_verts_290,90,0,-28934.13,6410.07
roads_verts_291,90,1,-28469.6,5449.88
roads_verts_292,91,0,-41256.39,6937.14
roads_verts_293,91,1,-40742.33,6883.9
roads_verts_294,91,2,-39950.29,6883.86
roads_verts_295,91,3,-39388.63,6858.34
roads_verts_296,91,4,-37831.23,6375.98
roads_verts_297,91,5,-35150.52,5512.17
roads_verts_298,91,6,-34843.99,5257.15
roads_verts_299,91,7,-34716.43,5028.74
roads_verts_300,91,8,-34511.77,4672.83
roads_verts_301,91,9,-34129.09,4241.51
roads_verts_302,91,10,-33617.89,4113.99
roads_verts_303,91,11,-32597.38,4164.96
roads_verts_304,91,12,-31276.98,4424.37
roads_verts_305,91,13,-29865.2,4851.2
roads_verts_306,91,14,-28469.6,5449.88
roads_verts_307,92,0,-5214.77,29782.09
roads_verts_308,92,1,-9674.64,29769.92
roads_verts_309,93,0,-5214.77,29782.09
roads_verts_310,93,1,-5410.87,28850.74
roads_verts_311,93,2,-5972.53,28089.03
roads_verts_312,93,3,-6552.27,27617.82
roads_verts_313,93,4,-7241.48,27362.81
roads_verts_314,93,5,-7930.69,27338.42
roads_verts_315,93,6,-8543.75,27566.83
roads_verts_316,93,7,-8901.68,27846.24
roads_verts_317,93,8,-9208.2,28253.15
roads_verts_318,93,9,-9489.02,28963.86
roads_verts_319,93,10,-9674.64,29769.92
roads_verts_320,94,0,-21864.52,20652.87
roads_verts_321,94,1,-22331.91,21468.92
roads_verts_322,94,2,-22459.46,22053.23
roads_verts_323,94,3,-22459.42,23705.27
roads_verts_324,95,0,-11513.9,20822.34
roads_verts_325,95,1,-10314.44,20825.66
roads_verts_326,96,0,-10343.93,22936.71
roads_verts_327,96,1,-10314.44,20825.66
roads_verts_328,97,0,-9960.34,17701.2
roads_verts_329,97,1,-10126.93,17858.65
roads_verts_330,97,2,-10254.49,18417.46
roads_verts_331,97,3,-10314.44,20825.66
roads_verts_332,98,0,-16683.14,13188.68
roads_verts_333,98,1,-18195.81,12854.98
roads_verts_334,98,2,-19352.46,12488.0
roads_verts_335,98,3,-20187.34,11839.4
roads_verts_336,98,4,-20749.0,11584.4
roads_verts_337,98,5,-21183.1,11584.41
roads_verts_338,98,6,-21399.19,11664.24
roads_verts_339,99,0,-21864.52,20652.87
roads_verts_340,99,1,-21438.06,19537.46
roads_verts_341,99,2,-21182.96,18622.74
roads_verts_342,99,3,-21131.58,17022.81
roads_verts_343,99,4,-21131.67,12906.03
roads_verts_344,99,5,-21399.19,11664.24
roads_verts_345,100,0,-46291.89,37774.95
roads_verts_346,100,1,-46242.36,38467.91
roads_verts_347,101,0,-46242.36,38467.91
roads_verts_348,101,1,-41654.02,38440.0
roads_verts_349,102,0,-11513.9,20822.34
roads_verts_350,102,1,-16058.54,20810.21
roads_verts_351,103,0,-16714.43,20808.0
roads_verts_352,103,1,-16058.54,20810.21
roads_verts_353,104,0,-47198.19,36629.65
roads_verts_354,104,1,-47099.19,36689.52
roads_verts_355,104,2,-46289.08,36855.8
roads_verts_356,105,0,-44885.92,36804.73
roads_verts_357,105,1,-45132.48,36740.44
roads_verts_358,105,2,-45745.52,36790.36
roads_verts_359,105,3,-46289.08,36855.8
roads_verts_360,106,0,-46291.89,37774.95
roads_verts_361,106,1,-46292.86,37453.41
roads_verts_362,106,2,-46289.08,36855.8
roads_verts_363,107,0,-3260.43,26975.84
roads_verts_364,107,1,-3291.83,29847.49
roads_verts_365,108,0,-5214.77,29782.09
roads_verts_366,108,1,-3291.83,29847.49
roads_verts_367,109,0,-1732.54,29812.01
roads_verts_368,109,1,-2704.48,29854.14
roads_verts_369,109,2,-3291.83,29847.49
roads_verts_370,110,0,-16683.14,13188.68
roads_verts_371,110,1,-16714.43,20808.0
roads_verts_372,111,0,-21864.52,20652.87
roads_verts_373,111,1,-16714.43,20808.0
roads_verts_374,112,0,-11513.88,22911.22
roads_verts_375,112,1,-11513.9,20822.34
roads_verts_376,113,0,-11513.88,22911.22
roads_verts_377,113,1,-11513.87,23692.89
roads_verts_378,113,2,-11518.62,24912.51
roads_verts_379,114,0,-18483.82,37645.48
roads_verts_380,114,1,-18497.13,38810.77
roads_verts_381,115,0,-18483.82,37645.48
roads_verts_382,115,1,-14159.16,37657.6
roads_verts_383,116,0,-23893.69,38222.13
roads_verts_384,116,1,-23105.49,37861.77
roads_verts_385,116,2,-22264.93,37633.35
roads_verts_386,116,3,-18483.82,37645.48
roads_verts_387,117,0,-18433.38,37220.82
roads_verts_388,117,1,-18483.82,37645.48
roads_verts_389,118,0,-24611.54,34224.0
roads_verts_390,118,1,-24655.33,34071.0
roads_verts_391,118,2,-25097.05,33618.64
roads_verts_392,118,3,-24764.83,33288.23
roads_verts_393,118,4,-25173.22,32906.83
roads_verts_394,118,5,-24866.7,32550.91
roads_verts_395,119,0,-24866.7,32550.91
roads_verts_396,119,1,-24773.41,32630.74
roads_verts_397,119,2,-24637.28,32652.91
roads_verts_398,119,3,-24535.42,32617.43
roads_verts_399,119,4,-24484.02,32550.9
roads_verts_400,119,5,-24440.23,32473.29
roads_verts_401,119,6,-24432.62,32373.5
roads_verts_402,119,7,-24457.37,32271.5
roads_verts_403,119,8,-24509.73,32194.99
roads_verts_404,120,0,-24866.7,32550.91
roads_verts_405,120,1,-24924.77,32435.6
roads_verts_406,120,2,-24918.11,32322.51
roads_verts_407,120,3,-24852.43,32192.78
roads_verts_408,120,4,-24714.4,32119.6
roads_verts_409,120,5,-24587.79,32129.58
roads_verts_410,120,6,-24509.73,32194.99
roads_verts_411,121,0,-21066.56,31262.46
roads_verts_412,121,1,-21310.27,31122.76
roads_verts_413,121,2,-22568.75,30746.93
roads_verts_414,121,3,-23488.33,30620.55
roads_verts_415,121,4,-24834.39,30462.03
roads_verts_416,122,0,-29099.01,34099.94
roads_verts_417,122,1,-28653.55,32241.67
roads_verts_418,122,2,-28409.86,31757.14
roads_verts_419,122,3,-28142.37,31453.33
roads_verts_420,122,4,-27642.61,31224.92
roads_verts_421,122,5,-25702.56,30615.06
roads_verts_422,122,6,-24834.39,30462.03
roads_verts_423,123,0,-24509.73,32194.99
roads_verts_424,123,1,-24214.63,31931.1
roads_verts_425,123,2,-24535.45,31559.68
roads_verts_426,123,3,-24177.52,31254.77
roads_verts_427,123,4,-24685.88,30644.97
roads_verts_428,123,5,-24834.39,30462.03
roads_verts_429,124,0,-21066.56,31262.46
roads_verts_430,124,1,-20015.6,31864.49
roads_verts_431,124,2,-19753.81,32138.35
roads_verts_432,124,3,-19702.4,32824.66
roads_verts_433,124,4,-19563.4,33740.48
roads_verts_434,124,5,-19640.49,34273.79
roads_verts_435,124,6,-19805.18,34501.09
roads_verts_436,124,7,-20048.87,34502.2
roads_verts_437,124,8,-20621.94,34374.71
roads_verts_438,124,9,-21056.03,34170.71
roads_verts_439,124,10,-21336.86,34170.71
roads_verts_440,124,11,-22091.75,34248.34
roads_verts_441,124,12,-23002.76,34291.6
roads_verts_442,124,13,-23539.65,34228.42
roads_verts_443,124,14,-24254.56,34164.12
roads_verts_444,124,15,-24611.54,34224.0
roads_verts_445,125,0,-29328.4,35053.47
roads_verts_446,125,1,-29189.4,35417.14
roads_verts_447,125,2,-28423.06,36561.34
roads_verts_448,125,3,-28230.76,36712.13
roads_verts_449,125,4,-27949.94,36737.62
roads_verts_450,125,5,-26851.4,36763.09
roads_verts_451,125,6,-26596.28,36712.08
roads_verts_452,125,7,-26329.75,36230.88
roads_verts_453,125,8,-26239.33,35695.35
roads_verts_454,125,9,-26086.09,34705.24
roads_verts_455,125,10,-25984.24,34552.23
roads_verts_456,125,11,-25805.27,34501.22
roads_verts_457,125,12,-25326.45,34405.86
roads_verts_458,125,13,-24841.91,34228.45
roads_verts_459,125,14,-24611.54,34224.0
roads_verts_460,126,0,-18433.38,37220.82
roads_verts_461,126,1,-14173.44,37219.65
roads_verts_462,126,2,-14159.16,37657.6
roads_verts_463,127,0,-23893.69,38222.13
roads_verts_464,127,1,-23251.14,37678.83
roads_verts_465,127,2,-22663.8,37271.91
roads_verts_466,127,3,-22237.33,37175.44
roads_verts_467,127,4,-21598.58,37175.43
roads_verts_468,127,5,-18433.38,37220.82
roads_verts_469,128,0,-25669.99,38782.09
roads_verts_470,128,1,-24714.25,38598.02
roads_verts_471,128,2,-23893.69,38222.13
roads_verts_472,129,0,-31635.79,38766.73
roads_verts_473,129,1,-30916.13,38768.93
roads_verts_474,129,2,-25669.99,38782.09
roads_verts_475,130,0,-44250.12,12015.32
roads_verts_476,130,1,-42110.26,8205.58
roads_verts_477,130,2,-41256.39,6937.14
roads_verts_478,131,0,-46314.82,14394.78
roads_verts_479,131,1,-46648.01,14231.81
roads_verts_480,131,2,-47395.32,13840.46
roads_verts_481,132,0,-44950.7,13416.81
roads_verts_482,132,1,-44738.43,12988.82
roads_verts_483,133,0,-44250.12,12015.32
roads_verts_484,133,1,-44408.13,12296.95
roads_verts_485,133,2,-44738.43,12988.82
roads_verts_486,134,0,-45609.4,14739.57
roads_verts_487,134,1,-47418.92,18338.65
roads_verts_488,135,0,-45698.01,34867.79
roads_verts_489,135,1,-46732.8,34131.62
roads_verts_490,135,2,-47641.01,32987.43
roads_verts_491,135,3,-48043.72,32168.09
roads_verts_492,135,4,-48326.47,31623.71
roads_verts_493,135,5,-48489.3,30725.63
roads_verts_494,135,6,-48712.09,29887.42
roads_verts_495,135,7,-48892.06,28762.05
roads_verts_496,135,8,-48916.87,27613.39
roads_verts_497,135,9,-48694.16,26469.15
roads_verts_498,135,10,-48465.73,25709.65
roads_verts_499,135,11,-47839.41,24230.55
roads_verts_500,135,12,-46666.72,21818.97
roads_verts_501,135,13,-45523.51,19651.32
roads_verts_502,135,14,-46158.5,18939.53
roads_verts_503,135,15,-47418.92,18338.65
roads_verts_504,136,0,-29099.01,34099.94
roads_verts_505,136,1,-29328.4,35053.47
roads_verts_506,137,0,-31841.56,33931.49
roads_verts_507,137,1,-29623.5,35062.35
roads_verts_508,137,2,-29431.21,35111.13
roads_verts_509,137,3,-29328.4,35053.47
roads_verts_510,138,0,-31303.74,32930.27
roads_verts_511,138,1,-29839.62,33968.02
roads_verts_512,138,2,-29507.39,34095.52
roads_verts_513,138,3,-29099.01,34099.94
roads_verts_514,139,0,-46314.82,14394.78
roads_verts_515,139,1,-45609.4,14739.57
roads_verts_516,140,0,-44950.7,13416.81
roads_verts_517,140,1,-45609.4,14739.57
roads_verts_518,141,0,-28934.13,6410.07
roads_verts_519,141,1,-29908.96,5913.38
roads_verts_520,141,2,-30308.77,6400.13
roads_verts_521,141,3,-30775.22,6876.9
roads_verts_522,141,4,-31599.63,6721.7
roads_verts_523,141,5,-32652.52,6566.51
roads_verts_524,141,6,-33704.44,6524.41
roads_verts_525,141,7,-34666.88,6589.86
roads_verts_526,141,8,-35996.77,6961.33
roads_verts_527,141,9,-37957.79,7841.75
roads_verts_528,141,10,-39509.44,9302.03
roads_verts_529,141,11,-40087.26,9960.64
roads_verts_530,141,12,-40526.09,10499.51
roads_verts_531,141,13,-43246.61,15456.83
roads_verts_532,141,14,-44265.21,15395.89
roads_verts_533,141,15,-45609.4,14739.57
roads_verts_534,142,0,-31841.56,33931.49
roads_verts_535,142,1,-31303.74,32930.27
roads_verts_536,143,0,-44885.92,36804.73
roads_verts_537,143,1,-44545.12,36892.31
roads_verts_538,143,2,-43192.4,37324.66
roads_verts_539,143,3,-41047.66,37603.98
roads_verts_540,143,4,-38519.31,37603.89
roads_verts_541,143,5,-36451.7,37527.31
roads_verts_542,143,6,-35506.43,37247.87
roads_verts_543,143,7,-34153.74,36638.02
roads_verts_544,143,8,-33055.23,35646.76
roads_verts_545,143,9,-32347.97,34872.83
roads_verts_546,143,10,-31841.56,33931.49
roads_verts_547,144,0,-46291.89,37774.95
roads_verts_548,144,1,-47508.48,37704.04
roads_verts_549,145,0,13438.32,-19312.07
roads_verts_550,145,1,11344.82,-13365.89
roads_verts_551,145,2,4994.99,4164.47
roads_verts_552,146,0,-19528.5,-34926.46
roads_verts_553,146,1,-19517.06,-34290.04
roads_verts_554,147,0,-19283.87,-36755.9
roads_verts_555,147,1,-18568.9,-36425.51
roads_verts_556,147,2,-18313.76,-36146.11
roads_verts_557,147,3,-18236.64,-35688.2
roads_verts_558,147,4,-18262.34,-35255.78
roads_verts_559,147,5,-18389.9,-34926.48
roads_verts_560,147,6,-18620.28,-34671.47
roads_verts_561,147,7,-19517.06,-34290.04
roads_verts_562,148,0,-19845.48,-32792.12
roads_verts_563,148,1,-19514.2,-33705.73
roads_verts_564,148,2,-19514.2,-34087.14
roads_verts_565,148,3,-19517.06,-34290.04
roads_verts_566,149,0,-19528.5,-34926.46
roads_verts_567,149,1,-20484.31,-34926.45
roads_verts_568,149,2,-21268.77,-34976.32
roads_verts_569,150,0,-19528.5,-34926.46
roads_verts_570,150,1,-19538.98,-35560.67
roads_verts_571,150,2,-19692.28,-36730.39
roads_verts_572,150,3,-19692.29,-37187.2
roads_verts_573,150,4,-19411.46,-38178.42
roads_verts_574,151,0,-10343.93,22936.71
roads_verts_575,151,1,-10381.98,25659.8
roads_verts_576,151,2,-9284.38,25684.18
roads_verts_577,152,0,-11513.88,22911.22
roads_verts_578,152,1,-10343.93,22936.71
roads_verts_579,153,0,-6665.62,16717.72
roads_verts_580,153,1,-7012.13,16639.0
roads_verts_581,153,2,-8007.88,16664.51
roads_verts_582,153,3,-8492.43,16780.93
roads_verts_583,154,0,-9960.34,17701.2
roads_verts_584,154,1,-9565.28,17325.33
roads_verts_585,154,2,-8747.55,16843.02
roads_verts_586,154,3,-8492.43,16780.93
roads_verts_587,155,0,-4660.77,21361.14
roads_verts_588,155,1,-4688.37,22991.0
roads_verts_589,155,2,-4494.17,23699.49
roads_verts_590,155,3,-4457.99,24236.12
roads_verts_591,155,4,-4483.69,25709.65
roads_verts_592,155,5,-5684.1,25709.66
roads_verts_593,156,0,-28934.13,6410.07
roads_verts_594,156,1,-29160.69,6877.97
roads_verts_595,156,2,-29941.25,8491.22
roads_verts_596,157,0,-3228.07,24105.29
roads_verts_597,157,1,-3198.57,21387.75
roads_verts_598,158,0,-4660.77,21361.14
roads_verts_599,158,1,-3198.57,21387.75
roads_verts_600,159,0,-3224.28,19176.9
roads_verts_601,159,1,-3182.39,19969.66
roads_verts_602,159,2,-3198.57,21387.75
roads_verts_603,160,0,-2530.29,24080.89
roads_verts_604,160,1,-2492.22,21644.97
roads_verts_605,160,2,-2625.49,21489.75
roads_verts_606,160,3,-2777.8,21385.53
roads_verts_607,160,4,-3198.57,21387.75
roads_verts_608,161,0,-4622.7,19151.41
roads_verts_609,161,1,-4660.77,21361.14
roads_verts_610,162,0,-3224.28,19176.9
roads_verts_611,162,1,-4622.7,19151.41
roads_verts_612,163,0,-6665.62,16717.72
roads_verts_613,163,1,-6118.24,16843.0
roads_verts_614,163,2,-5413.79,17296.48
roads_verts_615,163,3,-4979.69,17626.88
roads_verts_616,163,4,-4714.1,18037.12
roads_verts_617,163,5,-4611.28,18493.92
roads_verts_618,163,6,-4622.7,19151.41
roads_verts_619,164,0,-43844.58,34710.26
roads_verts_620,164,1,-44488.04,36005.31
roads_verts_621,164,2,-44726.01,36484.3
roads_verts_622,164,3,-44885.92,36804.73
roads_verts_623,165,0,-6665.62,16717.72
roads_verts_624,165,1,-6287.7,15616.73
roads_verts_625,166,0,-3224.28,19176.9
roads_verts_626,166,1,-3258.55,18521.63
roads_verts_627,166,2,-3616.49,17504.91
roads_verts_628,166,3,-4126.74,16818.6
roads_verts_629,166,4,-4867.37,16259.79
roads_verts_630,166,5,-5761.26,15803.0
roads_verts_631,166,6,-6287.7,15616.73
roads_verts_632,167,0,-3228.07,24105.29
roads_verts_633,167,1,-3260.43,26975.84
roads_verts_634,168,0,-2530.29,24080.89
roads_verts_635,168,1,-2569.31,26598.86
roads_verts_636,168,2,-2619.77,26853.87
roads_verts_637,168,3,-2773.03,26980.27
roads_verts_638,168,4,-3260.43,26975.84
roads_verts_639,169,0,-3228.07,24105.29
roads_verts_640,169,1,-2530.29,24080.89
roads_verts_641,170,0,-31628.2,37918.54
roads_verts_642,170,1,-31618.72,36748.81
roads_verts_643,171,0,-31628.2,37918.54
roads_verts_644,171,1,-31635.79,38766.73
roads_verts_645,172,0,-36408.82,38783.52
roads_verts_646,172,1,-32343.09,38765.65
roads_verts_647,172,2,-31635.79,38766.73
roads_verts_648,173,0,-44250.12,12015.32
roads_verts_649,173,1,-43126.78,12545.26
roads_verts_650,173,2,-42988.73,12905.59
roads_verts_651,173,3,-43116.27,13413.4
roads_verts_652,173,4,-43397.08,13794.83
roads_verts_653,173,5,-43755.02,13895.74
roads_verts_654,173,6,-44112.0,13870.25
roads_verts_655,173,7,-44950.7,13416.81
roads_verts_656,174,0,-3157.73,-8893.26
roads_verts_657,174,1,-19359.62,-14721.77
roads_verts_658,175,0,-1219.48,-3557.97
roads_verts_659,175,1,-1209.97,-5582.54
roads_verts_660,175,2,-1119.53,-7529.5
roads_verts_661,175,3,-1000.53,-10247.04
roads_verts_662,175,4,-724.46,-13797.25
roads_verts_663,175,5,-413.16,-17275.39
roads_verts_664,175,6,88.54,-21156.01
roads_verts_665,175,7,678.77,-25275.0
roads_verts_666,175,8,1082.42,-28544.7
roads_verts_667,175,9,1106.23,-30042.61
roads_verts_668,175,10,1010.07,-30726.71
roads_verts_669,175,11,765.41,-31506.16
roads_verts_670,175,12,474.1,-32170.3
roads_verts_671,175,13,40.94,-32867.7
roads_verts_672,175,14,-566.44,-33489.71
roads_verts_673,175,15,-1229.04,-34066.26
roads_verts_674,175,16,-3461.5,-35473.25
roads_verts_675,175,17,-6729.74,-36692.86
roads_verts_676,175,18,-17199.03,-40530.11
roads_verts_677,175,19,-25465.44,-44352.9
roads_verts_678,176,0,3173.04,-36619.7
roads_verts_679,176,1,4200.26,-36226.09
roads_verts_680,177,0,3173.04,-36619.7
roads_verts_681,177,1,3994.65,-44290.01
roads_verts_682,178,0,3039.76,-36011.0
roads_verts_683,178,1,3173.04,-36619.7
roads_verts_684,179,0,3067.39,-44523.95
roads_verts_685,179,1,3994.65,-44290.01
roads_verts_686,180,0,-826.31,-1179.71
roads_verts_687,180,1,-456.95,-7489.59
roads_verts_688,180,2,67.59,-14073.33
roads_verts_689,180,3,336.05,-16721.02
roads_verts_690,181,0,-826.31,-1179.71
roads_verts_691,181,1,-1081.45,-2509.09
roads_verts_692,181,2,-1219.48,-3557.97
roads_verts_693,182,0,-8341.2,-442.36
roads_verts_694,182,1,-7356.86,-511.11
roads_verts_695,182,2,-1968.68,1216.3
roads_verts_696,182,3,-1649.77,1166.4
roads_verts_697,182,4,-1305.16,784.99
roads_verts_698,182,5,-1219.48,-3557.97
roads_verts_699,183,0,3067.39,-44523.95
roads_verts_700,183,1,2841.76,-43204.55
roads_verts_701,184,0,2841.76,-43204.55
roads_verts_702,184,1,2371.46,-41473.79
roads_verts_703,184,2,1992.56,-40720.95
roads_verts_704,184,3,1470.86,-40246.41
roads_verts_705,184,4,713.06,-40019.12
roads_verts_706,184,5,-80.92,-40256.39
roads_verts_707,184,6,-354.15,-40773.07
roads_verts_708,184,7,-259.9,-41328.55
roads_verts_709,184,8,138.99,-41829.7
roads_verts_710,184,9,626.42,-42321.99
roads_verts_711,184,10,1185.26,-42706.72
roads_verts_712,184,11,1784.07,-42993.89
roads_verts_713,184,12,2313.39,-43140.24
roads_verts_714,184,13,2841.76,-43204.55
roads_verts_715,185,0,4200.26,-36226.09
roads_verts_716,185,1,5767.26,-35522.03
roads_verts_717,186,0,4086.96,-35660.63
roads_verts_718,186,1,5767.26,-35522.03
roads_verts_719,187,0,-11504.06,-36448.89
roads_verts_720,187,1,-11512.63,-36988.85
roads_verts_721,187,2,-11525.01,-37504.42
roads_verts_722,187,3,-11728.75,-38066.55
roads_verts_723,188,0,-9660.98,-37343.67
roads_verts_724,188,1,-10497.79,-37047.63
roads_verts_725,188,2,-11504.06,-36448.89
roads_verts_726,189,0,-9660.98,-37343.67
roads_verts_727,189,1,-10994.75,-37793.81
roads_verts_728,189,2,-11728.75,-38066.55
roads_verts_729,190,0,-37926.85,47335.35
roads_verts_730,190,1,-37917.53,41747.26
roads_verts_731,191,0,-39031.3,41756.17
roads_verts_732,191,1,-37917.53,41747.26
roads_verts_733,192,0,-36399.26,40005.36
roads_verts_734,192,1,-37125.57,40543.13
roads_verts_735,192,2,-37666.24,41174.03
roads_verts_736,192,3,-37917.53,41747.26
roads_verts_737,193,0,-40285.75,47042.73
roads_verts_738,193,1,-40280.24,41756.21
roads_verts_739,194,0,-39031.3,41756.17
roads_verts_740,194,1,-40280.24,41756.21
roads_verts_741,195,0,-41673.95,39933.49
roads_verts_742,195,1,-41180.83,40181.83
roads_verts_743,195,2,-40640.11,40736.18
roads_verts_744,195,3,-40280.24,41756.21
roads_verts_745,196,0,4086.96,-35660.63
roads_verts_746,196,1,3522.41,-32549.49
roads_verts_747,197,0,4200.26,-36226.09
roads_verts_748,197,1,4086.96,-35660.63
roads_verts_749,198,0,3039.76,-36011.0
roads_verts_750,198,1,4086.96,-35660.63
roads_verts_751,199,0,-41647.37,37902.26
roads_verts_752,199,1,-44034.84,37907.9
roads_verts_753,199,2,-46291.89,37774.95
roads_verts_754,200,0,-25169.64,23471.38
roads_verts_755,200,1,-24757.44,23537.9
roads_verts_756,201,0,-25169.64,23471.38
roads_verts_757,201,1,-25475.22,23422.6
roads_verts_758,202,0,-1732.54,29812.01
roads_verts_759,202,1,-1593.56,29806.47
roads_verts_760,202,2,-776.79,29982.76
roads_verts_761,203,0,-43652.7,47739.15
roads_verts_762,203,1,-46914.97,47697.16
roads_verts_763,204,0,-46146.85,45601.6
roads_verts_764,204,1,-46552.33,46701.49
roads_verts_765,204,2,-46914.97,47697.16
roads_verts_766,205,0,-43342.42,46506.21
roads_verts_767,205,1,-43652.7,47739.15
roads_verts_768,206,0,-40265.68,49060.65
roads_verts_769,206,1,-40285.75,47042.73
roads_verts_770,207,0,-37929.64,49069.43
roads_verts_771,207,1,-37912.55,47941.83
roads_verts_772,208,0,-37926.85,47335.35
roads_verts_773,208,1,-37912.55,47941.83
roads_verts_774,209,0,-39071.01,49065.04
roads_verts_775,209,1,-40265.68,49060.65
roads_verts_776,210,0,-39071.01,49065.04
roads_verts_777,210,1,-37929.64,49069.43
roads_verts_778,211,0,-36408.82,38783.52
roads_verts_779,211,1,-36399.26,40005.36
roads_verts_780,212,0,-37926.85,47335.35
roads_verts_781,212,1,-22958.68,47393.68
roads_verts_782,212,2,-22375.15,47285.01
roads_verts_783,212,3,-22021.03,47099.84
roads_verts_784,212,4,-21792.58,46696.25
roads_verts_785,212,5,-21759.27,46284.9
roads_verts_786,212,6,-21766.98,41803.34
roads_verts_787,212,7,-21809.83,41063.81
roads_verts_788,212,8,-22054.49,40526.07
roads_verts_789,212,9,-22366.73,40214.52
roads_verts_790,212,10,-22756.08,40054.87
roads_verts_791,212,11,-23220.62,40054.88
roads_verts_792,212,12,-36399.26,40005.36
roads_verts_793,213,0,-36408.82,38783.52
roads_verts_794,213,1,-36416.46,37889.87
roads_verts_795,214,0,-31628.2,37918.54
roads_verts_796,214,1,-33297.91,37882.0
roads_verts_797,214,2,-36416.46,37889.87
roads_verts_798,215,0,-41647.37,37902.26
roads_verts_799,215,1,-41378.93,37901.14
roads_verts_800,215,2,-36416.46,37889.87
roads_verts_801,216,0,-31628.2,37918.54
roads_verts_802,216,1,-25009.36,38065.83
roads_verts_803,216,2,-24223.06,38032.55
roads_verts_804,216,3,-22549.58,36737.49
roads_verts_805,216,4,-13501.38,36792.77
roads_verts_806,216,5,-12079.17,37964.7
roads_verts_807,216,6,-2985.28,37991.25
roads_verts_808,216,7,-2544.54,37822.72
roads_verts_809,216,8,-2124.73,37566.59
roads_verts_810,216,9,-1941.01,37391.41
roads_verts_811,216,10,-1792.5,37026.63
roads_verts_812,216,11,-1732.54,29812.01
roads_verts_813,217,0,-47198.19,36629.65
roads_verts_814,217,1,-45981.67,35190.44
roads_verts_815,217,2,-45698.01,34867.79
roads_verts_816,218,0,-28934.13,6410.07
roads_verts_817,218,1,-27984.05,6985.48
roads_verts_818,218,2,-28194.42,7695.09
roads_verts_819,218,3,-28386.7,8283.84
roads_verts_820,218,4,-27527.06,8942.41
roads_verts_821,218,5,-26769.27,9786.15
roads_verts_822,218,6,-26378.0,10391.51
roads_verts_823,218,7,-25662.08,11875.0
roads_verts_824,218,8,-25313.63,13252.06
roads_verts_825,218,9,-25084.18,14467.24
roads_verts_826,218,10,-25102.25,15018.29
roads_verts_827,218,11,-25199.33,15909.72
roads_verts_828,218,12,-25439.2,16849.95
roads_verts_829,218,13,-26040.8,18315.72
roads_verts_830,218,14,-26997.47,20369.15
roads_verts_831,218,15,-27827.54,21799.46
roads_verts_832,218,16,-33355.19,32676.43
roads_verts_833,218,17,-33781.64,33460.33
roads_verts_834,218,18,-34310.89,34226.49
roads_verts_835,218,19,-34924.88,34740.97
roads_verts_836,218,20,-35635.01,35166.76
roads_verts_837,218,21,-38064.33,36243.44
roads_verts_838,218,22,-38864.91,36380.95
roads_verts_839,218,23,-39731.17,36440.86
roads_verts_840,218,24,-40837.33,36453.09
roads_verts_841,218,25,-42221.46,36291.27
roads_verts_842,218,26,-43021.09,36153.82
roads_verts_843,218,27,-45698.01,34867.79
roads_verts_844,219,0,-41662.56,39104.14
roads_verts_845,219,1,-41673.95,39933.49
roads_verts_846,220,0,-41654.02,38440.0
roads_verts_847,220,1,-41647.37,37902.26
roads_verts_848,221,0,-41662.56,39104.14
roads_verts_849,221,1,-41654.02,38440.0
