Name,road_id,highway,width_m,width_cm,num_verts,name,centerline
roads_meta_0,0,primary,12.0,1200.0,4,翔殷路,-30015.25 -49049.43;-29546.84 -48399.72;-29058.44 -48001.69;-27913.15 -47442.92
roads_meta_1,1,primary,17.5,1750.0,6,五角场,-30015.25 -49049.43;-30247.5 -47677.91;-30581.64 -46806.42;-31022.39 -45991.48;-31515.53 -45559.05;-32595.09 -44956.97
roads_meta_2,2,tertiary,8.0,800.0,2,国和路,-601.65 466.78;-584.51 2327.26
roads_meta_3,3,tertiary,8.0,800.0,3,政通路,4994.99 4164.47;663.52 2743.04;-584.51 2327.26
roads_meta_4,4,tertiary,8.0,800.0,6,国和路,-776.79 29982.76;-705.4 17032.58;-711.11 15652.19;-717.78 14044.51;-658.76 8269.04;-584.51 2327.26
roads_meta_5,5,tertiary,8.0,800.0,2,政通路,-8341.2 -442.36;-584.51 2327.26
roads_meta_6,6,tertiary,8.0,800.0,4,盘山路,36377.29 14668.25;34442.91 14489.68;32949.29 14056.11;31524.22 13613.68
roads_meta_7,7,tertiary,8.0,800.0,3,政通路,4994.99 4164.47;12460.31 6613.75;31524.22 13613.68
roads_meta_8,8,tertiary,8.0,800.0,5,黑山路,31160.08 30115.16;31240.26 23034.7;31236.48 22111.11;31232.7 20925.86;31524.22 13613.68
roads_meta_9,9,tertiary,14.0,1400.0,2,市光路,-39031.3 41756.17;-39009.51 38794.7
roads_meta_10,10,secondary,10.0,1000.0,2,政立路,-36408.82 38783.52;-39009.51 38794.7
roads_meta_11,11,secondary,10.0,1000.0,3,政立路,-39009.51 38794.7;-41378.88 39101.91;-41662.56 39104.14
roads_meta_12,12,secondary,10.0,1000.0,3,政立路,-41654.02 38440.0;-41370.34 38437.77;-39009.51 38794.7
roads_meta_13,13,tertiary,7.0,700.0,2,政立路,-860.55 38872.7;31142.68 38988.47
roads_meta_14,14,tertiary,8.0,800.0,2,黑山路,31160.08 30115.16;31142.68 38988.47
roads_meta_15,15,secondary,10.0,1000.0,2,政立路,-14144.86 38810.7;-860.55 38872.7
roads_meta_16,16,secondary,10.0,1000.0,3,国和路,-181.82 48181.75;-219.9 43623.68;-860.55 38872.7
roads_meta_17,17,tertiary,8.0,800.0,3,国和路,-776.79 29982.76;-798.68 34810.24;-860.55 38872.7
roads_meta_18,18,residential,6.0,600.0,2,国栋路,-20621.86 38794.18;-20753.04 48069.97
roads_meta_19,19,residential,6.0,600.0,2,政德东路,-181.82 48181.75;-20753.04 48069.97
roads_meta_20,20,residential,6.0,600.0,2,政德东路,-37912.55 47941.83;-20753.04 48069.97
roads_meta_21,21,secondary,10.0,1000.0,2,政立路,-25669.99 38782.09;-20621.86 38794.18
roads_meta_22,22,secondary,10.0,1000.0,2,政立路,-18497.13 38810.77;-20621.86 38794.18
roads_meta_23,23,residential,6.0,600.0,2,政德东路,-37912.55 47941.83;-39077.71 47933.01
roads_meta_24,24,tertiary,14.0,1400.0,2,市光路,-39031.3 41756.17;-39077.71 47933.01
roads_meta_25,25,tertiary,14.0,1400.0,2,市光路,-39071.01 49065.04;-39077.71 47933.01
roads_meta_26,26,residential,6.0,600.0,3,政衷路,-776.79 29982.76;-6.66 30149.07;31160.08 30115.16
roads_meta_27,27,path,2.0,200.0,2,,-21066.56 31262.46;-20412.61 29694.68
roads_meta_28,28,service,4.0,400.0,2,政衷路,-17411.12 29709.04;-20412.61 29694.68
roads_meta_29,29,service,4.0,400.0,4,政衷路,-25396.1 27795.5;-22255.58 29421.96;-21133.23 29691.37;-20412.61 29694.68
roads_meta_30,30,residential,6.0,600.0,2,国济路,-25949.99 -43357.24;-29439.87 -36154.72
roads_meta_31,31,primary,12.0,1200.0,6,翔殷路,-25949.99 -43357.24;-30393.08 -44879.43;-30726.29 -44993.62;-31012.85 -45049.05;-31472.67 -45136.62;-32595.09 -44956.97
roads_meta_32,32,primary,12.0,1200.0,3,翔殷路,-11728.75 -38066.55;-20202.64 -41219.7;-25949.99 -43357.24
roads_meta_33,33,residential,6.0,600.0,2,国济路,-41953.04 -12073.42;-29439.87 -36154.72
roads_meta_34,34,tertiary,8.0,800.0,2,政通路,-41953.04 -12073.42;-22621.88 -5383.83
roads_meta_35,35,primary,17.5,1750.0,3,五角场,-39428.72 -46511.2;-40177.99 -47369.34;-40919.65 -48500.24
roads_meta_36,36,primary,12.0,1200.0,2,翔殷路,2484.73 -32951.96;-9660.98 -37343.67
roads_meta_37,37,tertiary,8.0,800.0,2,,2484.73 -32951.96;3039.76 -36011.0
roads_meta_38,38,tertiary,8.0,800.0,4,国和路,1545.09 -25574.36;1994.44 -30012.68;2297.18 -31974.05;2484.73 -32951.96
roads_meta_39,39,primary,12.0,1200.0,2,翔殷路,3522.41 -32549.49;2484.73 -32951.96
roads_meta_40,40,primary,12.0,1200.0,6,翔殷路,-27913.15 -47442.92;-24349.71 -45855.28;-18395.76 -43528.14;-6755.46 -39327.24;862.52 -36728.36;3039.76 -36011.0
roads_meta_41,41,primary,12.0,1200.0,7,翔殷路,-27913.15 -47442.92;-24134.57 -46370.85;-20815.81 -45131.35;-13806.09 -42604.63;-654.03 -37926.91;987.23 -37329.3;3173.04 -36619.7
roads_meta_42,42,tertiary,8.0,800.0,2,国和路,-601.65 466.78;-826.31 -1179.71
roads_meta_43,43,tertiary,8.0,800.0,8,国和路,3522.41 -32549.49;1731.68 -20597.2;1183.32 -16644.51;773.01 -12774.99;464.57 -8752.45;219.91 -5187.83;-19.99 -1138.68;-601.65 466.78
roads_meta_44,44,primary,17.5,1750.0,5,五角场,-35091.26 -44316.04;-36155.62 -44573.23;-37179.05 -45024.45;-38516.66 -45810.51;-39428.72 -46511.2
roads_meta_45,45,primary,17.5,1750.0,4,五角场,-32595.09 -44956.97;-33334.8 -44591.06;-34148.76 -44372.61;-35091.26 -44316.04
roads_meta_46,46,residential,6.0,600.0,2,国庠路,-13703.12 -30639.03;-16477.12 -22409.87
roads_meta_47,47,residential,6.0,600.0,2,国庠路,-11504.06 -36448.89;-13703.12 -30639.03
roads_meta_48,48,residential,6.0,600.0,2,政旦东路,1545.09 -25574.36;-13703.12 -30639.03
roads_meta_49,49,residential,6.0,600.0,3,政旦东路,-19845.48 -32792.12;-19583.67 -32700.1;-13703.12 -30639.03
roads_meta_50,50,tertiary,8.0,800.0,2,政通路,-22621.88 -5383.83;-8341.2 -442.36
roads_meta_51,51,residential,6.0,600.0,5,国庠路,-28469.6 5449.88;-28203.06 5036.31;-26827.53 2397.45;-26458.18 1642.39;-22621.88 -5383.83
roads_meta_52,52,residential,6.0,600.0,2,国庠路,-19359.62 -14721.77;-22621.88 -5383.83
roads_meta_53,53,residential,6.0,600.0,3,政旦东路,-29439.87 -36154.72;-22770.06 -33816.54;-19845.48 -32792.12
roads_meta_54,54,tertiary,8.0,800.0,3,国和路,336.05 -16721.02;603.56 -18988.41;1545.09 -25574.36
roads_meta_55,55,residential,6.0,600.0,2,国庠路,-16477.12 -22409.87;-19359.62 -14721.77
roads_meta_56,56,residential,6.0,600.0,3,政益路,336.05 -16721.02;-2191.48 -17570.32;-16477.12 -22409.87
roads_meta_57,57,trunk_link,6.0,600.0,5,翔殷路,41991.44 -20124.03;35683.59 -21769.65;30350.57 -23378.61;25628.7 -24732.51;23398.19 -25288.05
roads_meta_58,58,trunk,14.0,1400.0,4,中环路,41991.44 -20124.03;20032.93 -27773.93;-6717.37 -37578.75;-25465.44 -44352.9
roads_meta_59,59,primary,12.0,1200.0,4,翔殷路,23398.19 -25288.05;15383.37 -28127.7;5576.83 -31783.33;3522.41 -32549.49
roads_meta_60,60,primary,7.0,700.0,5,翔殷路,26880.68 -28553.22;30118.41 -27656.16;33100.03 -26583.91;44235.39 -22514.4;47296.95 -21372.26
roads_meta_61,61,primary,7.0,700.0,4,翔殷路,5767.26 -35522.03;7510.38 -34945.47;17168.42 -31642.4;26880.68 -28553.22
roads_meta_62,62,secondary,10.0,1000.0,3,政立路,-18497.13 38810.77;-15805.05 38806.29;-14144.86 38810.7
roads_meta_63,63,service,4.0,400.0,2,,-14159.16 37657.6;-14144.86 38810.7
roads_meta_64,64,service,4.0,400.0,2,,-12964.51 34890.15;-12962.67 29730.04
roads_meta_65,65,service,4.0,400.0,2,政衷路,-11539.51 29747.76;-12962.67 29730.04
roads_meta_66,66,service,4.0,400.0,3,政衷路,-15598.61 29717.88;-14525.77 29722.3;-12962.67 29730.04
roads_meta_67,67,residential,6.0,600.0,2,政德东路,-43652.7 47739.15;-40608.42 47777.84
roads_meta_68,68,footway,1.0,100.0,4,,-40285.75 47042.73;-40467.57 47056.04;-40607.5 47021.67;-40608.42 47777.84
roads_meta_69,69,service,4.0,400.0,2,,-25862.56 27558.24;-25396.1 27795.5
roads_meta_70,70,service,4.0,400.0,9,,-31303.74 32930.27;-30400.4 31251.6;-29813.07 30463.27;-29480.85 30107.35;-28919.21 29802.43;-26442.26 29040.65;-26009.13 28863.24;-25778.76 28532.83;-25396.1 27795.5
roads_meta_71,71,service,4.0,400.0,7,,-25169.64 23471.38;-25344.79 23908.23;-25319.07 24594.55;-24987.75 26093.57;-24969.65 26818.69;-25148.6 27428.5;-25396.1 27795.5
roads_meta_72,72,footway,2.0,200.0,2,,-16082.27 24875.99;-16388.8 24890.4
roads_meta_73,73,footway,2.0,200.0,2,,-9960.34 17701.2;-10740.0 16844.15
roads_meta_74,74,service,4.0,400.0,5,,-11513.9 20822.34;-11513.92 19170.31;-11429.2 18317.68;-11148.39 17479.47;-10740.0 16844.15
roads_meta_75,75,service,4.0,400.0,3,,-9182.61 15624.51;-10050.79 16208.83;-10740.0 16844.15
roads_meta_76,76,service,4.0,400.0,2,,-11518.62 24912.51;-11539.51 29747.76
roads_meta_77,77,service,4.0,400.0,2,政衷路,-9674.64 29769.92;-11539.51 29747.76
roads_meta_78,78,footway,2.0,200.0,2,,-15624.38 24879.31;-16082.27 24875.99
roads_meta_79,79,footway,2.0,200.0,2,,-16058.54 20810.21;-16082.27 24875.99
roads_meta_80,80,footway,2.0,200.0,2,,-21399.19 11664.24;-22357.81 12016.84
roads_meta_81,81,service,4.0,400.0,8,,-25169.64 23471.38;-25089.68 23272.91;-24068.28 21417.95;-22867.91 19029.68;-22263.46 17189.15;-22058.82 15740.01;-22084.56 13758.68;-22357.81 12016.84
roads_meta_82,82,service,4.0,400.0,6,,-28469.6 5449.88;-25933.5 7291.44;-24133.3 8808.17;-23207.96 9845.93;-22646.28 10938.04;-22357.81 12016.84
roads_meta_83,83,footway,2.0,200.0,2,,-11518.62 24912.51;-15624.38 24879.31
roads_meta_84,84,footway,2.0,200.0,3,,-15598.61 29717.88;-15668.12 28430.63;-15624.38 24879.31
roads_meta_85,85,service,4.0,400.0,2,政衷路,-17411.12 29709.04;-15598.61 29717.88
roads_meta_86,86,service,4.0,400.0,2,,-17378.78 28227.75;-17411.12 29709.04
roads_meta_87,87,footway,2.0,200.0,2,,-8492.43 16780.93;-9182.61 15624.51
roads_meta_88,88,footway,2.0,200.0,7,,-16683.14 13188.68;-14621.18 13643.24;-14416.51 13693.13;-10254.52 14709.8;-9667.16 14912.7;-9343.49 15257.52;-9182.61 15624.51
roads_meta_89,89,service,4.0,400.0,5,,-6287.7 15616.73;-6552.34 15522.49;-7394.83 15447.1;-8314.42 15498.11;-9182.61 15624.51
roads_meta_90,90,footway,2.0,200.0,2,,-28934.13 6410.07;-28469.6 5449.88
roads_meta_91,91,service,4.0,400.0,15,,-41256.39 6937.14;-40742.33 6883.9;-39950.29 6883.86;-39388.63 6858.34;-37831.23 6375.98;-35150.52 5512.17;-34843.99 5257.15;-34716.43 5028.74;-34511.77 4672.83;-34129.09 4241.51;-33617.89 4113.99;-32597.38 4164.96;-31276.98 4424.37;-29865.2 4851.2;-28469.6 5449.88
roads_meta_92,92,service,4.0,400.0,2,政衷路,-5214.77 29782.09;-9674.64 29769.92
roads_meta_93,93,service,4.0,400.0,11,,-5214.77 29782.09;-5410.87 28850.74;-5972.53 28089.03;-6552.27 27617.82;-7241.48 27362.81;-7930.69 27338.42;-8543.75 27566.83;-8901.68 27846.24;-9208.2 28253.15;-9489.02 28963.86;-9674.64 29769.92
roads_meta_94,94,footway,2.0,200.0,4,,-21864.52 20652.87;-22331.91 21468.92;-22459.46 22053.23;-22459.42 23705.27
roads_meta_95,95,footway,2.0,200.0,2,,-11513.9 20822.34;-10314.44 20825.66
roads_meta_96,96,footway,2.0,200.0,2,,-10343.93 22936.71;-10314.44 20825.66
roads_meta_97,97,footway,2.0,200.0,4,,-9960.34 17701.2;-10126.93 17858.65;-10254.49 18417.46;-10314.44 20825.66
roads_meta_98,98,footway,2.0,200.0,7,,-16683.14 13188.68;-18195.81 12854.98;-19352.46 12488.0;-20187.34 11839.4;-20749.0 11584.4;-21183.1 11584.41;-21399.19 11664.24
roads_meta_99,99,footway,2.0,200.0,6,,-21864.52 20652.87;-21438.06 19537.46;-21182.96 18622.74;-21131.58 17022.81;-21131.67 12906.03;-21399.19 11664.24
roads_meta_100,100,service,4.0,400.0,2,,-46291.89 37774.95;-46242.36 38467.91
roads_meta_101,101,secondary,10.0,1000.0,2,政立路,-46242.36 38467.91;-41654.02 38440.0
roads_meta_102,102,footway,2.0,200.0,2,,-11513.9 20822.34;-16058.54 20810.21
roads_meta_103,103,footway,2.0,200.0,2,,-16714.43 20808.0;-16058.54 20810.21
roads_meta_104,104,service,4.0,400.0,3,,-47198.19 36629.65;-47099.19 36689.52;-46289.08 36855.8
roads_meta_105,105,service,4.0,400.0,4,,-44885.92 36804.73;-45132.48 36740.44;-45745.52 36790.36;-46289.08 36855.8
roads_meta_106,106,service,4.0,400.0,3,,-46291.89 37774.95;-46292.86 37453.41;-46289.08 36855.8
roads_meta_107,107,service,4.0,400.0,2,,-3260.43 26975.84;-3291.83 29847.49
roads_meta_108,108,service,4.0,400.0,2,政衷路,-5214.77 29782.09;-3291.83 29847.49
roads_meta_109,109,service,4.0,400.0,3,政衷路,-1732.54 29812.01;-2704.48 29854.14;-3291.83 29847.49
roads_meta_110,110,footway,2.0,200.0,2,,-16683.14 13188.68;-16714.43 20808.0
roads_meta_111,111,footway,2.0,200.0,2,,-21864.52 20652.87;-16714.43 20808.0
roads_meta_112,112,service,4.0,400.0,2,,-11513.88 22911.22;-11513.9 20822.34
roads_meta_113,113,service,4.0,400.0,3,,-11513.88 22911.22;-11513.87 23692.89;-11518.62 24912.51
roads_meta_114,114,service,4.0,400.0,2,,-18483.82 37645.48;-18497.13 38810.77
roads_meta_115,115,service,4.0,400.0,2,,-18483.82 37645.48;-14159.16 37657.6
roads_meta_116,116,service,4.0,400.0,4,,-23893.69 38222.13;-23105.49 37861.77;-22264.93 37633.35;-18483.82 37645.48
roads_meta_117,117,service,4.0,400.0,2,,-18433.38 37220.82;-18483.82 37645.48
roads_meta_118,118,path,2.0,200.0,6,,-24611.54 34224.0;-24655.33 34071.0;-25097.05 33618.64;-24764.83 33288.23;-25173.22 32906.83;-24866.7 32550.91
roads_meta_119,119,footway,2.0,200.0,9,,-24866.7 32550.91;-24773.41 32630.74;-24637.28 32652.91;-24535.42 32617.43;-24484.02 32550.9;-24440.23 32473.29;-24432.62 32373.5;-24457.37 32271.5;-24509.73 32194.99
roads_meta_120,120,footway,2.0,200.0,7,,-24866.7 32550.91;-24924.77 32435.6;-24918.11 32322.51;-24852.43 32192.78;-24714.4 32119.6;-24587.79 32129.58;-24509.73 32194.99
roads_meta_121,121,footway,2.0,200.0,5,,-21066.56 31262.46;-21310.27 31122.76;-22568.75 30746.93;-23488.33 30620.55;-24834.39 30462.03
roads_meta_122,122,footway,2.0,200.0,7,,-29099.01 34099.94;-28653.55 32241.67;-28409.86 31757.14;-28142.37 31453.33;-27642.61 31224.92;-25702.56 30615.06;-24834.39 30462.03
roads_meta_123,123,path,2.0,200.0,6,,-24509.73 32194.99;-24214.63 31931.1;-24535.45 31559.68;-24177.52 31254.77;-24685.88 30644.97;-24834.39 30462.03
roads_meta_124,124,footway,2.0,200.0,16,,-21066.56 31262.46;-20015.6 31864.49;-19753.81 32138.35;-19702.4 32824.66;-19563.4 33740.48;-19640.49 34273.79;-19805.18 34501.09;-20048.87 34502.2;-20621.94 34374.71;-21056.03 34170.71;-21336.86 34170.71;-22091.75 34248.34;-23002.76 34291.6;-23539.65 34228.42;-24254.56 34164.12;-24611.54 34224.0
roads_meta_125,125,footway,2.0,200.0,15,,-29328.4 35053.47;-29189.4 35417.14;-28423.06 36561.34;-28230.76 36712.13;-27949.94 36737.62;-26851.4 36763.09;-26596.28 36712.08;-26329.75 36230.88;-26239.33 35695.35;-26086.09 34705.24;-25984.24 34552.23;-25805.27 34501.22;-25326.45 34405.86;-24841.91 34228.45;-24611.54 34224.0
roads_meta_126,126,service,4.0,400.0,3,,-18433.38 37220.82;-14173.44 37219.65;-14159.16 37657.6
roads_meta_127,127,service,4.0,400.0,6,,-23893.69 38222.13;-23251.14 37678.83;-22663.8 37271.91;-22237.33 37175.44;-21598.58 37175.43;-18433.38 37220.82
roads_meta_128,128,service,4.0,400.0,3,,-25669.99 38782.09;-24714.25 38598.02;-23893.69 38222.13
roads_meta_129,129,secondary,10.0,1000.0,3,政立路,-31635.79 38766.73;-30916.13 38768.93;-25669.99 38782.09
roads_meta_130,130,service,4.0,400.0,3,,-44250.12 12015.32;-42110.26 8205.58;-41256.39 6937.14
roads_meta_131,131,steps,6.0,600.0,3,,-46314.82 14394.78;-46648.01 14231.81;-47395.32 13840.46
roads_meta_132,132,service,4.0,400.0,2,,-44950.7 13416.81;-44738.43 12988.82
roads_meta_133,133,service,4.0,400.0,3,,-44250.12 12015.32;-44408.13 12296.95;-44738.43 12988.82
roads_meta_134,134,service,4.0,400.0,2,,-45609.4 14739.57;-47418.92 18338.65
roads_meta_135,135,footway,2.5,250.0,16,,-45698.01 34867.79;-46732.8 34131.62;-47641.01 32987.43;-48043.72 32168.09;-48326.47 31623.71;-48489.3 30725.63;-48712.09 29887.42;-48892.06 28762.05;-48916.87 27613.39;-48694.16 26469.15;-48465.73 25709.65;-47839.41 24230.55;-46666.72 21818.97;-45523.51 19651.32;-46158.5 18939.53;-47418.92 18338.65
roads_meta_136,136,footway,2.0,200.0,2,,-29099.01 34099.94;-29328.4 35053.47
roads_meta_137,137,footway,2.0,200.0,4,,-31841.56 33931.49;-29623.5 35062.35;-29431.21 35111.13;-29328.4 35053.47
roads_meta_138,138,footway,2.0,200.0,4,,-31303.74 32930.27;-29839.62 33968.02;-29507.39 34095.52;-29099.01 34099.94
roads_meta_139,139,footway,2.0,200.0,2,,-46314.82 14394.78;-45609.4 14739.57
roads_meta_140,140,service,4.0,400.0,2,,-44950.7 13416.81;-45609.4 14739.57
roads_meta_141,141,footway,10.0,1000.0,16,,-28934.13 6410.07;-29908.96 5913.38;-30308.77 6400.13;-30775.22 6876.9;-31599.63 6721.7;-32652.52 6566.51;-33704.44 6524.41;-34666.88 6589.86;-35996.77 6961.33;-37957.79 7841.75;-39509.44 9302.03;-40087.26 9960.64;-40526.09 10499.51;-43246.61 15456.83;-44265.21 15395.89;-45609.4 14739.57
roads_meta_142,142,service,4.0,400.0,2,,-31841.56 33931.49;-31303.74 32930.27
roads_meta_143,143,service,4.0,400.0,11,,-44885.92 36804.73;-44545.12 36892.31;-43192.4 37324.66;-41047.66 37603.98;-38519.31 37603.89;-36451.7 37527.31;-35506.43 37247.87;-34153.74 36638.02;-33055.23 35646.76;-32347.97 34872.83;-31841.56 33931.49
roads_meta_144,144,footway,2.0,200.0,2,,-46291.89 37774.95;-47508.48 37704.04
roads_meta_145,145,service,4.0,400.0,3,,13438.32 -19312.07;11344.82 -13365.89;4994.99 4164.47
roads_meta_146,146,service,4.0,400.0,2,,-19528.5 -34926.46;-19517.06 -34290.04
roads_meta_147,147,service,4.0,400.0,8,,-19283.87 -36755.9;-18568.9 -36425.51;-18313.76 -36146.11;-18236.64 -35688.2;-18262.34 -35255.78;-18389.9 -34926.48;-18620.28 -34671.47;-19517.06 -34290.04
roads_meta_148,148,service,4.0,400.0,4,,-19845.48 -32792.12;-19514.2 -33705.73;-19514.2 -34087.14;-19517.06 -34290.04
roads_meta_149,149,service,4.0,400.0,3,,-19528.5 -34926.46;-20484.31 -34926.45;-21268.77 -34976.32
roads_meta_150,150,service,4.0,400.0,5,,-19528.5 -34926.46;-19538.98 -35560.67;-19692.28 -36730.39;-19692.29 -37187.2;-19411.46 -38178.42
roads_meta_151,151,footway,2.0,200.0,3,,-10343.93 22936.71;-10381.98 25659.8;-9284.38 25684.18
roads_meta_152,152,footway,2.0,200.0,2,,-11513.88 22911.22;-10343.93 22936.71
roads_meta_153,153,footway,2.0,200.0,4,,-6665.62 16717.72;-7012.13 16639.0;-8007.88 16664.51;-8492.43 16780.93
roads_meta_154,154,footway,2.0,200.0,4,,-9960.34 17701.2;-9565.28 17325.33;-8747.55 16843.02;-8492.43 16780.93
roads_meta_155,155,footway,2.0,200.0,6,,-4660.77 21361.14;-4688.37 22991.0;-4494.17 23699.49;-4457.99 24236.12;-4483.69 25709.65;-5684.1 25709.66
roads_meta_156,156,footway,2.0,200.0,3,,-28934.13 6410.07;-29160.69 6877.97;-29941.25 8491.22
roads_meta_157,157,service,4.0,400.0,2,,-3228.07 24105.29;-3198.57 21387.75
roads_meta_158,158,footway,2.0,200.0,2,,-4660.77 21361.14;-3198.57 21387.75
roads_meta_159,159,service,4.0,400.0,3,,-3224.28 19176.9;-3182.39 19969.66;-3198.57 21387.75
roads_meta_160,160,service,4.0,400.0,5,,-2530.29 24080.89;-2492.22 21644.97;-2625.49 21489.75;-2777.8 21385.53;-3198.57 21387.75
roads_meta_161,161,footway,2.0,200.0,2,,-4622.7 19151.41;-4660.77 21361.14
roads_meta_162,162,footway,2.0,200.0,2,,-3224.28 19176.9;-4622.7 19151.41
roads_meta_163,163,footway,2.0,200.0,7,,-6665.62 16717.72;-6118.24 16843.0;-5413.79 17296.48;-4979.69 17626.88;-4714.1 18037.12;-4611.28 18493.92;-4622.7 19151.41
roads_meta_164,164,footway,2.0,200.0,4,,-43844.58 34710.26;-44488.04 36005.31;-44726.01 36484.3;-44885.92 36804.73
roads_meta_165,165,footway,2.0,200.0,2,,-6665.62 16717.72;-6287.7 15616.73
roads_meta_166,166,service,4.0,400.0,7,,-3224.28 19176.9;-3258.55 18521.63;-3616.49 17504.91;-4126.74 16818.6;-4867.37 16259.79;-5761.26 15803.0;-6287.7 15616.73
roads_meta_167,167,service,4.0,400.0,2,,-3228.07 24105.29;-3260.43 26975.84
roads_meta_168,168,service,4.0,400.0,5,,-2530.29 24080.89;-2569.31 26598.86;-2619.77 26853.87;-2773.03 26980.27;-3260.43 26975.84
roads_meta_169,169,service,4.0,400.0,2,,-3228.07 24105.29;-2530.29 24080.89
roads_meta_170,170,path,2.0,200.0,2,,-31628.2 37918.54;-31618.72 36748.81
roads_meta_171,171,path,2.0,200.0,2,,-31628.2 37918.54;-31635.79 38766.73
roads_meta_172,172,secondary,10.0,1000.0,3,政立路,-36408.82 38783.52;-32343.09 38765.65;-31635.79 38766.73
roads_meta_173,173,service,4.0,400.0,8,,-44250.12 12015.32;-43126.78 12545.26;-42988.73 12905.59;-43116.27 13413.4;-43397.08 13794.83;-43755.02 13895.74;-44112.0 13870.25;-44950.7 13416.81
roads_meta_174,174,service,4.0,400.0,2,,-3157.73 -8893.26;-19359.62 -14721.77
roads_meta_175,175,trunk_link,6.0,600.0,20,,-1219.48 -3557.97;-1209.97 -5582.54;-1119.53 -7529.5;-1000.53 -10247.04;-724.46 -13797.25;-413.16 -17275.39;88.54 -21156.01;678.77 -25275.0;1082.42 -28544.7;1106.23 -30042.61;1010.07 -30726.71;765.41 -31506.16;474.1 -32170.3;40.94 -32867.7;-566.44 -33489.71;-1229.04 -34066.26;-3461.5 -35473.25;-6729.74 -36692.86;-17199.03 -40530.11;-25465.44 -44352.9
roads_meta_176,176,primary,12.0,1200.0,2,翔殷路,3173.04 -36619.7;4200.26 -36226.09
roads_meta_177,177,tertiary,8.0,800.0,2,,3173.04 -36619.7;3994.65 -44290.01
roads_meta_178,178,tertiary,8.0,800.0,2,,3039.76 -36011.0;3173.04 -36619.7
roads_meta_179,179,service,4.0,400.0,2,,3067.39 -44523.95;3994.65 -44290.01
roads_meta_180,180,tertiary,8.0,800.0,4,国和路,-826.31 -1179.71;-456.95 -7489.59;67.59 -14073.33;336.05 -16721.02
roads_meta_181,181,trunk_link,6.0,600.0,3,,-826.31 -1179.71;-1081.45 -2509.09;-1219.48 -3557.97
roads_meta_182,182,tertiary,8.0,800.0,6,,-8341.2 -442.36;-7356.86 -511.11;-1968.68 1216.3;-1649.77 1166.4;-1305.16 784.99;-1219.48 -3557.97
roads_meta_183,183,service,4.0,400.0,2,,3067.39 -44523.95;2841.76 -43204.55
roads_meta_184,184,service,4.0,400.0,14,,2841.76 -43204.55;2371.46 -41473.79;1992.56 -40720.95;1470.86 -40246.41;713.06 -40019.12;-80.92 -40256.39;-354.15 -40773.07;-259.9 -41328.55;138.99 -41829.7;626.42 -42321.99;1185.26 -42706.72;1784.07 -42993.89;2313.39 -43140.24;2841.76 -43204.55
roads_meta_185,185,primary,7.0,700.0,2,翔殷路,4200.26 -36226.09;5767.26 -35522.03
roads_meta_186,186,primary,12.0,1200.0,2,翔殷路,4086.96 -35660.63;5767.26 -35522.03
roads_meta_187,187,residential,6.0,600.0,4,国庠路,-11504.06 -36448.89;-11512.63 -36988.85;-11525.01 -37504.42;-11728.75 -38066.55
roads_meta_188,188,residential,6.0,600.0,3,国庠路,-9660.98 -37343.67;-10497.79 -37047.63;-11504.06 -36448.89
roads_meta_189,189,primary,12.0,1200.0,3,翔殷路,-9660.98 -37343.67;-10994.75 -37793.81;-11728.75 -38066.55
roads_meta_190,190,footway,2.0,200.0,2,,-37926.85 47335.35;-37917.53 41747.26
roads_meta_191,191,footway,2.0,200.0,2,,-39031.3 41756.17;-37917.53 41747.26
roads_meta_192,192,footway,3.0,300.0,4,,-36399.26 40005.36;-37125.57 40543.13;-37666.24 41174.03;-37917.53 41747.26
roads_meta_193,193,footway,2.0,200.0,2,,-40285.75 47042.73;-40280.24 41756.21
roads_meta_194,194,footway,2.0,200.0,2,,-39031.3 41756.17;-40280.24 41756.21
roads_meta_195,195,footway,2.0,200.0,4,,-41673.95 39933.49;-41180.83 40181.83;-40640.11 40736.18;-40280.24 41756.21
roads_meta_196,196,tertiary,8.0,800.0,2,,4086.96 -35660.63;3522.41 -32549.49
roads_meta_197,197,tertiary,8.0,800.0,2,,4200.26 -36226.09;4086.96 -35660.63
roads_meta_198,198,primary,12.0,1200.0,2,翔殷路,3039.76 -36011.0;4086.96 -35660.63
roads_meta_199,199,footway,2.0,200.0,3,,-41647.37 37902.26;-44034.84 37907.9;-46291.89 37774.95
roads_meta_200,200,footway,2.0,200.0,2,,-25169.64 23471.38;-24757.44 23537.9
roads_meta_201,201,footway,2.0,200.0,2,,-25169.64 23471.38;-25475.22 23422.6
roads_meta_202,202,service,4.0,400.0,3,政衷路,-1732.54 29812.01;-1593.56 29806.47;-776.79 29982.76
roads_meta_203,203,residential,6.0,600.0,2,政德东路,-43652.7 47739.15;-46914.97 47697.16
roads_meta_204,204,footway,2.0,200.0,3,,-46146.85 45601.6;-46552.33 46701.49;-46914.97 47697.16
roads_meta_205,205,footway,2.0,200.0,2,,-43342.42 46506.21;-43652.7 47739.15
roads_meta_206,206,footway,2.0,200.0,2,,-40265.68 49060.65;-40285.75 47042.73
roads_meta_207,207,footway,2.0,200.0,2,,-37929.64 49069.43;-37912.55 47941.83
roads_meta_208,208,footway,2.0,200.0,2,,-37926.85 47335.35;-37912.55 47941.83
roads_meta_209,209,footway,2.0,200.0,2,,-39071.01 49065.04;-40265.68 49060.65
roads_meta_210,210,footway,2.0,200.0,2,,-39071.01 49065.04;-37929.64 49069.43
roads_meta_211,211,footway,2.0,200.0,2,,-36408.82 38783.52;-36399.26 40005.36
roads_meta_212,212,footway,3.0,300.0,13,,-37926.85 47335.35;-22958.68 47393.68;-22375.15 47285.01;-22021.03 47099.84;-21792.58 46696.25;-21759.27 46284.9;-21766.98 41803.34;-21809.83 41063.81;-22054.49 40526.07;-22366.73 40214.52;-22756.08 40054.87;-23220.62 40054.88;-36399.26 40005.36
roads_meta_213,213,footway,2.0,200.0,2,,-36408.82 38783.52;-36416.46 37889.87
roads_meta_214,214,footway,3.0,300.0,3,,-31628.2 37918.54;-33297.91 37882.0;-36416.46 37889.87
roads_meta_215,215,footway,2.0,200.0,3,,-41647.37 37902.26;-41378.93 37901.14;-36416.46 37889.87
roads_meta_216,216,footway,3.0,300.0,12,,-31628.2 37918.54;-25009.36 38065.83;-24223.06 38032.55;-22549.58 36737.49;-13501.38 36792.77;-12079.17 37964.7;-2985.28 37991.25;-2544.54 37822.72;-2124.73 37566.59;-1941.01 37391.41;-1792.5 37026.63;-1732.54 29812.01
roads_meta_217,217,footway,2.5,250.0,3,,-47198.19 36629.65;-45981.67 35190.44;-45698.01 34867.79
roads_meta_218,218,footway,10.0,1000.0,28,,-28934.13 6410.07;-27984.05 6985.48;-28194.42 7695.09;-28386.7 8283.84;-27527.06 8942.41;-26769.27 9786.15;-26378.0 10391.51;-25662.08 11875.0;-25313.63 13252.06;-25084.18 14467.24;-25102.25 15018.29;-25199.33 15909.72;-25439.2 16849.95;-26040.8 18315.72;-26997.47 20369.15;-27827.54 21799.46;-33355.19 32676.43;-33781.64 33460.33;-34310.89 34226.49;-34924.88 34740.97;-35635.01 35166.76;-38064.33 36243.44;-38864.91 36380.95;-39731.17 36440.86;-40837.33 36453.09;-42221.46 36291.27;-43021.09 36153.82;-45698.01 34867.79
roads_meta_219,219,footway,2.0,200.0,2,,-41662.56 39104.14;-41673.95 39933.49
roads_meta_220,220,footway,2.0,200.0,2,,-41654.02 38440.0;-41647.37 37902.26
roads_meta_221,221,footway,2.0,200.0,2,,-41662.56 39104.14;-41654.02 38440.0
